"4","external upper lip","C00.0","skin of upper lip"
"4","external upper lip","C00.0","upper lip, nos"
"4","external upper lip","C00.0","vermilion border of upper lip"
"4","external lower lip","C00.1","lower lip, nos"
"4","external lower lip","C00.1","skin of lower lip"
"4","external lower lip","C00.1","vermilion border of lower lip"
"4","mucosa of upper lip","C00.3","frenulum of upper lip"
"4","mucosa of lower lip","C00.4","frenulum of lower lip"
"4","mucosa of lower lip","C00.4","inner aspect of lower lip"
"4","mucosa of lip, nos","C00.5","frenulum labii, nos"
"4","mucosa of lip, nos","C00.5","frenulum of lip, nos"
"4","mucosa of lip, nos","C00.5","inner aspect of lip, nos"
"4","mucosa of lip, nos","C00.5","internal lip, nos"
"4","commissure of lip","C00.6","labial commissure"
"4","base of tongue, nos","C01.9","dorsal surface of base of tongue"
"4","base of tongue, nos","C01.9","posterior third of tongue"
"4","base of tongue, nos","C01.9","posterior tongue, nos"
"4","base of tongue, nos","C01.9","root of tongue"
"4","dorsal surface of tongue, nos","C02.0","anterior 2/3 of tongue, dorsal surface"
"4","dorsal surface of tongue, nos","C02.0","dorsal surface of anterior tongue"
"4","dorsal surface of tongue, nos","C02.0","midline of tongue"
"4","border of tongue","C02.1","tip of tongue"
"4","ventral surface of tongue, nos","C02.2","anterior 2/3 of tongue, ventral surface"
"4","ventral surface of tongue, nos","C02.2","frenulum linguae"
"4","ventral surface of tongue, nos","C02.2","ventral surface of anterior tongue, nos"
"4","anterior 2/3 of tongue, nos","C02.3","anterior tongue, nos"
"4","overlapping lesion of tongue","C02.8","junctional zone of tongue"
"4","tongue, nos","C02.9","lingual, nos"
"4","upper gum","C03.0","upper alveolar mucosa"
"4","upper gum","C03.0","upper alveolar ridge mucosa"
"4","upper gum","C03.0","upper alveolus"
"4","upper gum","C03.0","upper gingiva"
"4","lower gum","C03.1","lower alveolar mucosa"
"4","lower gum","C03.1","lower alveolar ridge mucosa"
"4","lower gum","C03.1","lower alveolus"
"4","lower gum","C03.1","lower gingiva"
"4","gum, nos","C03.9","alveolar mucosa, nos"
"4","gum, nos","C03.9","alveolar ridge mucosa, nos"
"4","gum, nos","C03.9","alveolus, nos"
"4","gum, nos","C03.9","periodontal tissue"
"4","gum, nos","C03.9","tooth socket"
"4","overlapping lesion of palate","C05.8","junction of hard and soft palate"
"4","palate, nos","C05.9","roof of mouth"
"4","cheek mucosa","C06.0","buccal mucosa"
"4","cheek mucosa","C06.0","internal cheek"
"4","vestibule of mouth","C06.1","buccal sulcus"
"4","vestibule of mouth","C06.1","labial sulcus"
"4","retromolar area","C06.2","retromolar triangle"
"4","retromolar area","C06.2","retromolar trigone"
"4","mouth, nos","C06.9","buccal cavity"
"4","mouth, nos","C06.9","minor salivary gland, nos"
"4","mouth, nos","C06.9","oral cavity"
"4","mouth, nos","C06.9","oral mucosa"
"4","parotid gland","C07.9","parotid gland duct"
"4","parotid gland","C07.9","parotid, nos"
"4","parotid gland","C07.9","stensen duct"
"4","submandibular gland","C08.0","submaxillary gland"
"4","submandibular gland","C08.0","submaxillary gland duct"
"4","submandibular gland","C08.0","wharton duct"
"4","sublingual gland","C08.1","sublingual gland duct"
"4","major salivary gland, nos","C08.9","minor salivary gland, nos"
"4","major salivary gland, nos","C08.9","salivary gland, nos"
"4","tonsillar pillar","C09.1","faucial pillar"
"4","tonsillar pillar","C09.1","glossopalatine fold"
"4","tonsil, nos","C09.9","faucial tonsil"
"4","tonsil, nos","C09.9","palatine tonsil"
"4","lateral wall of oropharynx","C10.2","lateral wall of mesopharynx"
"4","posterior wall of oropharynx","C10.3","posterior wall of mesopharynx"
"4","overlapping lesion of oropharynx","C10.8","junctional region of oropharynx"
"4","oropharynx, nos","C10.9","fauces, nos"
"4","oropharynx, nos","C10.9","mesopharynx, nos"
"4","superior wall of nasopharynx","C11.0","roof of nasopharynx"
"4","posterior wall of nasopharynx","C11.1","adenoid"
"4","posterior wall of nasopharynx","C11.1","pharyngeal tonsil"
"4","lateral wall of nasopharynx","C11.2","fossa of rosenmuller"
"4","anterior wall of nasopharynx","C11.3","choana"
"4","anterior wall of nasopharynx","C11.3","nasopharyngeal surface of soft palate"
"4","anterior wall of nasopharynx","C11.3","pharyngeal fornix"
"4","anterior wall of nasopharynx","C11.3","posterior margin of nasal septum"
"4","nasopharynx, nos","C11.9","nasopharyngeal wall"
"4","pyriform sinus","C12.9","piriform fossa"
"4","pyriform sinus","C12.9","piriform sinus"
"4","pyriform sinus","C12.9","pyriform fossa"
"4","postcricoid region","C13.0","cricoid, nos"
"4","postcricoid region","C13.0","cricopharynx"
"4","hypopharyngeal aspect of aryepiglottic fold","C13.1","aryepiglottic fold, nos"
"4","hypopharyngeal aspect of aryepiglottic fold","C13.1","arytenoid fold"
"4","hypopharyngeal aspect of aryepiglottic fold","C13.1","laryngeal aspect of aryepiglottic fold"
"4","hypopharynx, nos","C13.9","hypopharyngeal wall"
"4","hypopharynx, nos","C13.9","laryngopharynx"
"4","pharynx, nos","C14.0","lateral wall of pharynx, nos"
"4","pharynx, nos","C14.0","pharyngeal wall, nos"
"4","pharynx, nos","C14.0","posterior wall of pharynx, nos"
"4","pharynx, nos","C14.0","retropharynx"
"4","pharynx, nos","C14.0","throat"
"4","pharynx, nos","C14.0","wall of pharynx, nos"
"4","upper third of esophagus","C15.3","proximal third of esophagus"
"4","lower third of esophagus","C15.5","distal third of esophagus"
"4","cardia, nos","C16.0","cardioesophageal junction"
"4","cardia, nos","C16.0","esophagogastric junction"
"4","cardia, nos","C16.0","gastric cardia"
"4","cardia, nos","C16.0","gastroesophageal junction"
"4","fundus of stomach","C16.1","gastric fundus"
"4","body of stomach","C16.2","corpus of stomach"
"4","body of stomach","C16.2","gastric corpus"
"4","gastric antrum","C16.3","antrum of stomach"
"4","gastric antrum","C16.3","pyloric antrum"
"4","pylorus","C16.4","prepylorus"
"4","pylorus","C16.4","pyloric canal"
"4","overlapping lesion of stomach","C16.8","anterior wall of stomach, nos"
"4","overlapping lesion of stomach","C16.8","posterior wall of stomach, nos"
"4","stomach, nos","C16.9","gastric, nos"
"4","small intestine, nos","C17.9","small bowel, nos"
"4","cecum","C18.0","ileocecal junction"
"4","cecum","C18.0","ileocecal valve"
"4","ascending colon","C18.2","right colon"
"4","descending colon","C18.6","left colon"
"4","sigmoid colon","C18.7","pelvic colon"
"4","sigmoid colon","C18.7","sigmoid flexure of colon"
"4","sigmoid colon","C18.7","sigmoid, nos"
"4","colon, nos","C18.9","and rectosigmoid junction"
"4","colon, nos","C18.9","large bowel, nos"
"4","colon, nos","C18.9","large intestine"
"4","colon, nos","C18.9","rectum, nos"
"4","rectosigmoid junction","C19.9","colon and rectum"
"4","rectosigmoid junction","C19.9","pelvirectal junction"
"4","rectosigmoid junction","C19.9","rectosigmoid colon"
"4","rectosigmoid junction","C19.9","rectosigmoid, nos"
"4","rectum, nos","C20.9","rectal ampulla"
"4","anal canal","C21.1","anal sphincter"
"4","overlapping lesion of rectum, anus and anal canal","C21.8","anorectal junction"
"4","overlapping lesion of rectum, anus and anal canal","C21.8","anorectum"
"4","liver","C22.0","hepatic, nos"
"4","intrahepatic bile duct","C22.1","biliary canaliculus"
"4","intrahepatic bile duct","C22.1","cholangiole"
"4","extrahepatic bile duct","C24.0","bile duct, nos"
"4","extrahepatic bile duct","C24.0","biliary duct, nos"
"4","extrahepatic bile duct","C24.0","choledochal duct"
"4","extrahepatic bile duct","C24.0","common bile duct"
"4","extrahepatic bile duct","C24.0","common duct"
"4","extrahepatic bile duct","C24.0","cystic bile duct"
"4","extrahepatic bile duct","C24.0","cystic duct"
"4","extrahepatic bile duct","C24.0","hepatic bile duct"
"4","extrahepatic bile duct","C24.0","hepatic duct"
"4","extrahepatic bile duct","C24.0","sphincter of oddi"
"4","ampulla of vater","C24.1","periampullary"
"4","pancreatic duct","C25.3","duct of santorini"
"4","pancreatic duct","C25.3","duct of wirsung"
"4","islets of langerhans","C25.4","endocrine pancreas"
"4","islets of langerhans","C25.4","islands of langerhans"
"4","other specified parts of pancreas","C25.7","neck of pancreas"
"4","intestinal tract, nos","C26.0","bowel, nos"
"4","intestinal tract, nos","C26.0","intestine, nos"
"4","gastrointestinal tract, nos","C26.9","digestive organs, nos"
"4","nasal cavity","C30.0","internal nose"
"4","nasal cavity","C30.0","naris"
"4","nasal cavity","C30.0","nasal cartilage"
"4","nasal cavity","C30.0","nasal mucosa"
"4","nasal cavity","C30.0","nasal septum, nos"
"4","nasal cavity","C30.0","nasal turbinate"
"4","nasal cavity","C30.0","nostril"
"4","nasal cavity","C30.0","posterior margin of nasal septum"
"4","nasal cavity","C30.0","vestibule of nose"
"4","middle ear","C30.1","auditory tube"
"4","middle ear","C30.1","eustachian tube"
"4","middle ear","C30.1","inner ear"
"4","middle ear","C30.1","mastoid antrum"
"4","middle ear","C30.1","tympanic cavity"
"4","maxillary sinus","C31.0","antrum, nos"
"4","maxillary sinus","C31.0","maxillary antrum"
"4","accessory sinus, nos","C31.9","accessory nasal sinus"
"4","accessory sinus, nos","C31.9","paranasal sinus"
"4","glottis","C32.0","intrinsic larynx"
"4","glottis","C32.0","laryngeal commissure"
"4","glottis","C32.0","true cord"
"4","glottis","C32.0","true vocal cord"
"4","glottis","C32.0","vocal cord, nos"
"4","supraglottis","C32.1","anterior surface of epiglottis"
"4","supraglottis","C32.1","epiglottis, nos"
"4","supraglottis","C32.1","extrinsic larynx"
"4","supraglottis","C32.1","false cord"
"4","supraglottis","C32.1","false vocal cord"
"4","supraglottis","C32.1","laryngeal aspect of aryepiglottic fold"
"4","supraglottis","C32.1","posterior surface of epiglottis"
"4","supraglottis","C32.1","ventricular band of larynx"
"4","laryngeal cartilage","C32.3","arytenoid cartilage"
"4","laryngeal cartilage","C32.3","cricoid cartilage"
"4","laryngeal cartilage","C32.3","cuneiform cartilage"
"4","laryngeal cartilage","C32.3","thyroid cartilage"
"4","main bronchus","C34.0","carina"
"4","main bronchus","C34.0","hilus of lung"
"4","upper lobe, lung","C34.1","lingula of lung"
"4","upper lobe, lung","C34.1","upper lobe, bronchus"
"4","middle lobe, lung","C34.2","middle lobe, bronchus"
"4","lower lobe, lung","C34.3","lower lobe, bronchus"
"4","lung, nos","C34.9","bronchiole"
"4","lung, nos","C34.9","bronchogenic"
"4","lung, nos","C34.9","bronchus, nos"
"4","lung, nos","C34.9","pulmonary, nos"
"4","heart","C38.0","cardiac atrium"
"4","heart","C38.0","cardiac ventricle"
"4","heart","C38.0","endocardium"
"4","heart","C38.0","epicardium"
"4","heart","C38.0","myocardium"
"4","heart","C38.0","pericardium"
"4","pleura, nos","C38.4","parietal pleura"
"4","pleura, nos","C38.4","visceral pleura"
"4","ill-defined sites within respiratory system","C39.9","respiratory tract, nos"
"4","long bones of upper limb, scapula and associated joints","C40.0","acromioclavicular joint"
"4","long bones of upper limb, scapula and associated joints","C40.0","bone of arm"
"4","long bones of upper limb, scapula and associated joints","C40.0","bone of forearm"
"4","long bones of upper limb, scapula and associated joints","C40.0","bone of shoulder"
"4","long bones of upper limb, scapula and associated joints","C40.0","elbow joint"
"4","long bones of upper limb, scapula and associated joints","C40.0","humerus"
"4","long bones of upper limb, scapula and associated joints","C40.0","radius"
"4","long bones of upper limb, scapula and associated joints","C40.0","scapula"
"4","long bones of upper limb, scapula and associated joints","C40.0","shoulder girdle"
"4","long bones of upper limb, scapula and associated joints","C40.0","shoulder joint"
"4","long bones of upper limb, scapula and associated joints","C40.0","ulna"
"4","short bones of upper limb and associated joints","C40.1","bone of finger"
"4","short bones of upper limb and associated joints","C40.1","bone of hand"
"4","short bones of upper limb and associated joints","C40.1","bone of thumb"
"4","short bones of upper limb and associated joints","C40.1","bone of wrist"
"4","short bones of upper limb and associated joints","C40.1","carpal bone"
"4","short bones of upper limb and associated joints","C40.1","hand joint"
"4","short bones of upper limb and associated joints","C40.1","metacarpal bone"
"4","short bones of upper limb and associated joints","C40.1","phalanx of hand"
"4","short bones of upper limb and associated joints","C40.1","wrist joint"
"4","long bones of lower limb and associated joints","C40.2","bone of leg"
"4","long bones of lower limb and associated joints","C40.2","femur"
"4","long bones of lower limb and associated joints","C40.2","fibula"
"4","long bones of lower limb and associated joints","C40.2","knee joint, nos"
"4","long bones of lower limb and associated joints","C40.2","lateral meniscus of knee joint"
"4","long bones of lower limb and associated joints","C40.2","medial meniscus of knee joint"
"4","long bones of lower limb and associated joints","C40.2","semilunar cartilage"
"4","long bones of lower limb and associated joints","C40.2","tibia"
"4","short bones of lower limb and associated joints","C40.3","ankle joint"
"4","short bones of lower limb and associated joints","C40.3","bone of ankle"
"4","short bones of lower limb and associated joints","C40.3","bone of foot"
"4","short bones of lower limb and associated joints","C40.3","bone of heel"
"4","short bones of lower limb and associated joints","C40.3","bone of toe"
"4","short bones of lower limb and associated joints","C40.3","foot joint"
"4","short bones of lower limb and associated joints","C40.3","metatarsal bone"
"4","short bones of lower limb and associated joints","C40.3","patella"
"4","short bones of lower limb and associated joints","C40.3","phalanx of foot"
"4","short bones of lower limb and associated joints","C40.3","tarsal bone"
"4","bone of limb, nos","C40.9","articular cartilage of limb, nos"
"4","bone of limb, nos","C40.9","cartilage of limb, nos"
"4","bone of limb, nos","C40.9","joint of limb, nos"
"4","bones of skull and face and associated joints","C41.0","calvarium"
"4","bones of skull and face and associated joints","C41.0","cranial bone"
"4","bones of skull and face and associated joints","C41.0","ethmoid bone"
"4","bones of skull and face and associated joints","C41.0","facial bone"
"4","bones of skull and face and associated joints","C41.0","frontal bone"
"4","bones of skull and face and associated joints","C41.0","hyoid bone"
"4","bones of skull and face and associated joints","C41.0","maxilla"
"4","bones of skull and face and associated joints","C41.0","nasal bone"
"4","bones of skull and face and associated joints","C41.0","occipital bone"
"4","bones of skull and face and associated joints","C41.0","orbital bone"
"4","bones of skull and face and associated joints","C41.0","parietal bone"
"4","bones of skull and face and associated joints","C41.0","skull, nos"
"4","bones of skull and face and associated joints","C41.0","sphenoid bone"
"4","bones of skull and face and associated joints","C41.0","temporal bone"
"4","bones of skull and face and associated joints","C41.0","upper jaw bone"
"4","bones of skull and face and associated joints","C41.0","zygomatic bone"
"4","mandible","C41.1","jaw bone, nos"
"4","mandible","C41.1","lower jaw bone"
"4","mandible","C41.1","temporomandibular joint"
"4","vertebral column","C41.2","atlas"
"4","vertebral column","C41.2","axis"
"4","vertebral column","C41.2","bone of back"
"4","vertebral column","C41.2","intervertebral disc"
"4","vertebral column","C41.2","nucleus pulposus"
"4","vertebral column","C41.2","spinal column"
"4","vertebral column","C41.2","spine"
"4","vertebral column","C41.2","vertebra"
"4","rib, sternum, clavicle and associated joints","C41.3","costal cartilage"
"4","rib, sternum, clavicle and associated joints","C41.3","costovertebral joint"
"4","rib, sternum, clavicle and associated joints","C41.3","sternocostal joint"
"4","pelvic bones, sacrum, coccyx and associated joints","C41.4","acetabulum"
"4","pelvic bones, sacrum, coccyx and associated joints","C41.4","bone of hip"
"4","pelvic bones, sacrum, coccyx and associated joints","C41.4","coccyx"
"4","pelvic bones, sacrum, coccyx and associated joints","C41.4","hip joint"
"4","pelvic bones, sacrum, coccyx and associated joints","C41.4","ilium"
"4","pelvic bones, sacrum, coccyx and associated joints","C41.4","innominate bone"
"4","pelvic bones, sacrum, coccyx and associated joints","C41.4","ischium"
"4","pelvic bones, sacrum, coccyx and associated joints","C41.4","pelvic bone"
"4","pelvic bones, sacrum, coccyx and associated joints","C41.4","pubic bone"
"4","pelvic bones, sacrum, coccyx and associated joints","C41.4","sacrum"
"4","pelvic bones, sacrum, coccyx and associated joints","C41.4","symphysis pubis"
"4","bone, nos","C41.9","articular cartilage, nos"
"4","bone, nos","C41.9","cartilage, nos"
"4","bone, nos","C41.9","joint, nos"
"4","bone, nos","C41.9","skeletal bone"
"4","skin of lip, nos","C44.0","skin of lower lip"
"4","skin of lip, nos","C44.0","skin of upper lip"
"4","eyelid","C44.1","canthus, nos"
"4","eyelid","C44.1","inner canthus"
"4","eyelid","C44.1","lid, nos"
"4","eyelid","C44.1","lower lid"
"4","eyelid","C44.1","meibomian gland"
"4","eyelid","C44.1","outer canthus"
"4","eyelid","C44.1","palpebra"
"4","eyelid","C44.1","upper lid"
"4","external ear","C44.2","auditory canal, nos"
"4","external ear","C44.2","auricle, nos"
"4","external ear","C44.2","auricular canal, nos"
"4","external ear","C44.2","ceruminal gland"
"4","external ear","C44.2","concha"
"4","external ear","C44.2","ear canal"
"4","external ear","C44.2","ear lobule"
"4","external ear","C44.2","ear, nos"
"4","external ear","C44.2","earlobe"
"4","external ear","C44.2","external auditory canal"
"4","external ear","C44.2","external auditory meatus"
"4","external ear","C44.2","external auricular canal"
"4","external ear","C44.2","helix"
"4","external ear","C44.2","pinna"
"4","external ear","C44.2","skin of auricle"
"4","external ear","C44.2","skin of ear, nos"
"4","external ear","C44.2","tragus"
"4","skin of other and unspecified parts of face","C44.3","ala nasi"
"4","skin of other and unspecified parts of face","C44.3","brow"
"4","skin of other and unspecified parts of face","C44.3","chin, nos"
"4","skin of other and unspecified parts of face","C44.3","columnella"
"4","skin of other and unspecified parts of face","C44.3","external cheek"
"4","skin of other and unspecified parts of face","C44.3","external nose"
"4","skin of other and unspecified parts of face","C44.3","eyebrow"
"4","skin of other and unspecified parts of face","C44.3","forehead, nos"
"4","skin of other and unspecified parts of face","C44.3","temple, nos"
"4","skin of scalp and neck","C44.4","scalp, nos"
"4","skin of scalp and neck","C44.4","skin of cervical region"
"4","skin of scalp and neck","C44.4","skin of head, nos"
"4","skin of scalp and neck","C44.4","skin of neck"
"4","skin of scalp and neck","C44.4","skin of scalp"
"4","skin of scalp and neck","C44.4","skin of supraclavicular region"
"4","skin of trunk","C44.5","perianal skin"
"4","skin of trunk","C44.5","umbilicus, nos"
"4","skin of upper limb and shoulder","C44.6","finger nail"
"4","skin of upper limb and shoulder","C44.6","palmar skin"
"4","skin of lower limb and hip","C44.7","plantar skin"
"4","skin of lower limb and hip","C44.7","sole of foot"
"4","skin of lower limb and hip","C44.7","toe nail"
"4","skin, nos","C44.9","c51.0, skin of vulva c51.9, skin of penis c60.9 and skin of scrotum c63.2)"
"4","peripheral nerves and autonomic nervous system of head, face, and neck","C47.0","cervical plexus"
"4","peripheral nerves and autonomic nervous system of upper limb and shoulder","C47.1","brachial nerve"
"4","peripheral nerves and autonomic nervous system of upper limb and shoulder","C47.1","brachial plexus"
"4","peripheral nerves and autonomic nervous system of upper limb and shoulder","C47.1","median nerve"
"4","peripheral nerves and autonomic nervous system of upper limb and shoulder","C47.1","radial nerve"
"4","peripheral nerves and autonomic nervous system of upper limb and shoulder","C47.1","ulnar nerve"
"4","peripheral nerves and autonomic nervous system of lower limband hip","C47.2","femoral nerve"
"4","peripheral nerves and autonomic nervous system of lower limband hip","C47.2","obturator nerve"
"4","peripheral nerves and autonomic nervous system of lower limband hip","C47.2","sciatic nerve"
"4","peripheral nerves and autonomic nervous system of thorax","C47.3","intercostal nerve"
"4","peripheral nerves and autonomic nervous system of pelvis","C47.5","lumbosacral plexus"
"4","peripheral nerves and autonomic nervous system of pelvis","C47.5","sacral nerve"
"4","peripheral nerves and autonomic nervous system of pelvis","C47.5","sacral plexus"
"4","peripheral nerves and autonomic nervous system of trunk, nos","C47.6","lumbar nerve"
"4","autonomic nervous system, nos","C47.9","ganglia, nos"
"4","autonomic nervous system, nos","C47.9","nerve, nos"
"4","autonomic nervous system, nos","C47.9","parasympathetic nervous system, nos"
"4","autonomic nervous system, nos","C47.9","peripheral nerve, nos"
"4","autonomic nervous system, nos","C47.9","spinal nerve, nos"
"4","autonomic nervous system, nos","C47.9","sympathetic nervous system, nos"
"4","retroperitoneum","C48.0","periadrenal tissue"
"4","retroperitoneum","C48.0","perinephric tissue"
"4","retroperitoneum","C48.0","peripancreatic tissue"
"4","retroperitoneum","C48.0","perirenal tissue"
"4","retroperitoneum","C48.0","retrocecal tissue"
"4","retroperitoneum","C48.0","retroperitoneal tissue"
"4","specified parts of peritoneum","C48.1","cul de sac"
"4","specified parts of peritoneum","C48.1","mesentery"
"4","specified parts of peritoneum","C48.1","mesoappendix"
"4","specified parts of peritoneum","C48.1","mesocolon"
"4","specified parts of peritoneum","C48.1","omentum"
"4","specified parts of peritoneum","C48.1","pelvic peritoneum"
"4","specified parts of peritoneum","C48.1","pouch of douglas"
"4","specified parts of peritoneum","C48.1","rectouterine pouch"
"4","peritoneum, nos","C48.2","peritoneal cavity"
"4","connective, subcutaneous and other soft tissues of head, face, and neck","C49.0","auricular cartilage"
"4","connective, subcutaneous and other soft tissues of head, face, and neck","C49.0","c69.6 and nasal cartilage c30.0)"
"4","connective, subcutaneous and other soft tissues of head, face, and neck","C49.0","carotid artery"
"4","connective, subcutaneous and other soft tissues of head, face, and neck","C49.0","cartilage of ear"
"4","connective, subcutaneous and other soft tissues of head, face, and neck","C49.0","masseter muscle"
"4","connective, subcutaneous and other soft tissues of head, face, and neck","C49.0","sternocleidomastoid muscle"
"4","connective, subcutaneous and other soft tissues of upper limb and shoulder","C49.1","biceps brachii muscle"
"4","connective, subcutaneous and other soft tissues of upper limb and shoulder","C49.1","brachialis muscle"
"4","connective, subcutaneous and other soft tissues of upper limb and shoulder","C49.1","coracobrachialis muscle"
"4","connective, subcutaneous and other soft tissues of upper limb and shoulder","C49.1","deltoideus muscle"
"4","connective, subcutaneous and other soft tissues of upper limb and shoulder","C49.1","palmar aponeurosis"
"4","connective, subcutaneous and other soft tissues of upper limb and shoulder","C49.1","palmar fascia"
"4","connective, subcutaneous and other soft tissues of upper limb and shoulder","C49.1","radial artery"
"4","connective, subcutaneous and other soft tissues of upper limb and shoulder","C49.1","triceps brachii muscle"
"4","connective, subcutaneous and other soft tissues of upper limb and shoulder","C49.1","ulnar artery"
"4","connective, subcutaneous and other soft tissues of lower limb and hip","C49.2","biceps femoris muscle"
"4","connective, subcutaneous and other soft tissues of lower limb and hip","C49.2","femoral artery"
"4","connective, subcutaneous and other soft tissues of lower limb and hip","C49.2","gastrocnemius muscle"
"4","connective, subcutaneous and other soft tissues of lower limb and hip","C49.2","plantar aponeurosis"
"4","connective, subcutaneous and other soft tissues of lower limb and hip","C49.2","plantar fascia"
"4","connective, subcutaneous and other soft tissues of lower limb and hip","C49.2","quadriceps femoris muscle"
"4","connective, subcutaneous and other soft tissues of thorax","C49.3","aorta, nos"
"4","connective, subcutaneous and other soft tissues of thorax","C49.3","axillary artery"
"4","connective, subcutaneous and other soft tissues of thorax","C49.3","c38._)"
"4","connective, subcutaneous and other soft tissues of thorax","C49.3","diaphragm"
"4","connective, subcutaneous and other soft tissues of thorax","C49.3","intercostal muscle"
"4","connective, subcutaneous and other soft tissues of thorax","C49.3","internal mammary artery"
"4","connective, subcutaneous and other soft tissues of thorax","C49.3","latissimus dorsi muscle"
"4","connective, subcutaneous and other soft tissues of thorax","C49.3","pectoralis major muscle"
"4","connective, subcutaneous and other soft tissues of thorax","C49.3","subclavian artery"
"4","connective, subcutaneous and other soft tissues of thorax","C49.3","superior vena cava"
"4","connective, subcutaneous and other soft tissues of thorax","C49.3","thoracic duct"
"4","connective, subcutaneous and other soft tissues of thorax","C49.3","trapezius muscle"
"4","connective, subcutaneous and other soft tissues of abdomen","C49.4","abdominal aorta"
"4","connective, subcutaneous and other soft tissues of abdomen","C49.4","abdominal vena cava"
"4","connective, subcutaneous and other soft tissues of abdomen","C49.4","abdominal wall muscle"
"4","connective, subcutaneous and other soft tissues of abdomen","C49.4","celiac artery"
"4","connective, subcutaneous and other soft tissues of abdomen","C49.4","iliopsoas muscle"
"4","connective, subcutaneous and other soft tissues of abdomen","C49.4","inferior vena cava"
"4","connective, subcutaneous and other soft tissues of abdomen","C49.4","mesenteric artery"
"4","connective, subcutaneous and other soft tissues of abdomen","C49.4","psoas muscle"
"4","connective, subcutaneous and other soft tissues of abdomen","C49.4","rectus abdominis muscle"
"4","connective, subcutaneous and other soft tissues of abdomen","C49.4","renal artery"
"4","connective, subcutaneous and other soft tissues of abdomen","C49.4","vena cava, nos"
"4","connective, subcutaneous and other soft tissues of pelvis","C49.5","gluteus maximus muscle"
"4","connective, subcutaneous and other soft tissues of pelvis","C49.5","iliac artery"
"4","connective, subcutaneous and other soft tissues of pelvis","C49.5","iliac vein"
"4","connective, subcutaneous and other soft tissues, nos","C49.9","adipose tissue, nos"
"4","connective, subcutaneous and other soft tissues, nos","C49.9","aponeurosis, nos"
"4","connective, subcutaneous and other soft tissues, nos","C49.9","artery, nos"
"4","connective, subcutaneous and other soft tissues, nos","C49.9","blood vessel, nos"
"4","connective, subcutaneous and other soft tissues, nos","C49.9","bursa, nos"
"4","connective, subcutaneous and other soft tissues, nos","C49.9","connective tissue, nos"
"4","connective, subcutaneous and other soft tissues, nos","C49.9","fascia, nos"
"4","connective, subcutaneous and other soft tissues, nos","C49.9","fatty tissue, nos"
"4","connective, subcutaneous and other soft tissues, nos","C49.9","fibrous tissue, nos"
"4","connective, subcutaneous and other soft tissues, nos","C49.9","ligament, nos"
"4","connective, subcutaneous and other soft tissues, nos","C49.9","lymphatic, nos"
"4","connective, subcutaneous and other soft tissues, nos","C49.9","muscle, nos"
"4","connective, subcutaneous and other soft tissues, nos","C49.9","skeletal muscle, nos"
"4","connective, subcutaneous and other soft tissues, nos","C49.9","subcutaneous tissue, nos"
"4","connective, subcutaneous and other soft tissues, nos","C49.9","synovia, nos"
"4","connective, subcutaneous and other soft tissues, nos","C49.9","tendon sheath, nos"
"4","connective, subcutaneous and other soft tissues, nos","C49.9","tendon, nos"
"4","connective, subcutaneous and other soft tissues, nos","C49.9","vein, nos"
"4","connective, subcutaneous and other soft tissues, nos","C49.9","vessel, nos"
"4","nipple","C50.0","areola"
"4","axillary tail of breast","C50.6","tail of breast, nos"
"4","overlapping lesion of breast","C50.8","inner breast"
"4","overlapping lesion of breast","C50.8","lower breast"
"4","overlapping lesion of breast","C50.8","midline of breast"
"4","overlapping lesion of breast","C50.8","outer breast"
"4","overlapping lesion of breast","C50.8","upper breast"
"4","breast, nos","C50.9","mammary gland"
"4","labium majus","C51.0","bartholin gland"
"4","labium majus","C51.0","labia majora, nos"
"4","labium majus","C51.0","skin of labia majora"
"4","labium minus","C51.1","labia minora"
"4","vulva, nos","C51.9","external female genitalia"
"4","vulva, nos","C51.9","fourchette"
"4","vulva, nos","C51.9","labia, nos"
"4","vulva, nos","C51.9","labium, nos"
"4","vulva, nos","C51.9","mons pubis"
"4","vulva, nos","C51.9","mons veneris"
"4","vulva, nos","C51.9","pudendum"
"4","vulva, nos","C51.9","skin of vulva"
"4","vagina, nos","C52.9","fornix of vagina"
"4","vagina, nos","C52.9","gartner duct"
"4","vagina, nos","C52.9","hymen"
"4","vagina, nos","C52.9","vaginal vault"
"4","endocervix","C53.0","cervical canal"
"4","endocervix","C53.0","endocervical canal"
"4","endocervix","C53.0","endocervical gland"
"4","endocervix","C53.0","internal os"
"4","endocervix","C53.0","nabothian gland"
"4","exocervix","C53.1","external os"
"4","overlapping lesion of cervix uteri","C53.8","cervical stump"
"4","overlapping lesion of cervix uteri","C53.8","squamocolumnar junction of cervix"
"4","cervix uteri","C53.9","cervix, nos"
"4","cervix uteri","C53.9","uterine cervix"
"4","isthmus uteri","C54.0","lower uterine segment"
"4","endometrium","C54.1","endometrial gland"
"4","endometrium","C54.1","endometrial stroma"
"4","corpus uteri","C54.9","body of uterus"
"4","uterus, nos","C55.9","uterine, nos"
"4","fallopian tube","C57.0","uterine tube"
"4","broad ligament","C57.1","mesovarium"
"4","broad ligament","C57.1","parovarian region"
"4","parametrium","C57.3","uterine ligament"
"4","parametrium","C57.3","uterosacral ligament"
"4","uterine adnexa","C57.4","adnexa, nos"
"4","other specified parts of female genital organs","C57.7","wolffian body"
"4","other specified parts of female genital organs","C57.7","wolffian duct"
"4","overlapping lesion of female genital organs","C57.8","tubo-ovarian"
"4","overlapping lesion of female genital organs","C57.8","utero-ovarian"
"4","female genital tract, nos","C57.9","female genital organs, nos"
"4","female genital tract, nos","C57.9","female genitourinary tract, nos"
"4","female genital tract, nos","C57.9","urethrovaginal septum"
"4","female genital tract, nos","C57.9","vesicocervical tissue"
"4","female genital tract, nos","C57.9","vesicovaginal septum"
"4","placenta","C58.9","fetal membranes"
"4","prepuce","C60.0","foreskin"
"4","body of penis","C60.2","corpus cavernosum"
"4","body of penis","C60.2","corpus of penis"
"4","prostate gland","C61.9","prostate, nos"
"4","undescended testis","C62.0","ectopic testis (site of neoplasm)"
"4","undescended testis","C62.0","retained testis (site of neoplasm)"
"4","descended testis","C62.1","scrotal testis"
"4","testis, nos","C62.9","testicle, nos"
"4","spermatic cord","C63.1","vas deferens"
"4","scrotum, nos","C63.2","skin of scrotum"
"4","other specified parts of male genital organs","C63.7","seminal vesicle"
"4","other specified parts of male genital organs","C63.7","tunica vaginalis"
"4","male genital organs, nos","C63.9","male genital tract, nos"
"4","male genital organs, nos","C63.9","male genitourinary tract, nos"
"4","kidney, nos","C64.9","kidney parenchyma"
"4","kidney, nos","C64.9","renal, nos"
"4","renal pelvis","C65.9","pelvis of kidney"
"4","renal pelvis","C65.9","pelviureteric junction"
"4","renal pelvis","C65.9","renal calyces"
"4","renal pelvis","C65.9","renal calyx"
"4","bladder neck","C67.5","internal urethral orifice"
"4","bladder, nos","C67.9","bladder wall, nos"
"4","bladder, nos","C67.9","urinary bladder, nos"
"4","urethra","C68.0","cowper gland"
"4","urethra","C68.0","prostatic utricle"
"4","urethra","C68.0","urethral gland"
"4","cornea, nos","C69.1","limbus of cornea"
"4","ciliary body","C69.4","crystalline lens"
"4","ciliary body","C69.4","eyeball"
"4","ciliary body","C69.4","intraocular"
"4","ciliary body","C69.4","iris"
"4","ciliary body","C69.4","sclera"
"4","ciliary body","C69.4","uveal tract"
"4","lacrimal gland","C69.5","lacrimal duct, nos"
"4","lacrimal gland","C69.5","lacrimal sac"
"4","lacrimal gland","C69.5","nasal lacrimal duct"
"4","lacrimal gland","C69.5","nasolacrimal duct"
"4","orbit, nos","C69.6","autonomic nervous system of orbit"
"4","orbit, nos","C69.6","connective tissue of orbit"
"4","orbit, nos","C69.6","extraocular muscle"
"4","orbit, nos","C69.6","peripheral nerves of orbit"
"4","orbit, nos","C69.6","retrobulbar tissue"
"4","orbit, nos","C69.6","soft tissue of orbit"
"4","cerebral meninges","C70.0","cranial dura mater"
"4","cerebral meninges","C70.0","cranial meninges"
"4","cerebral meninges","C70.0","cranial pia mater"
"4","cerebral meninges","C70.0","falx cerebelli"
"4","cerebral meninges","C70.0","falx cerebri"
"4","cerebral meninges","C70.0","falx, nos"
"4","cerebral meninges","C70.0","intracranial arachnoid"
"4","cerebral meninges","C70.0","intracranial meninges"
"4","cerebral meninges","C70.0","tentorium cerebelli"
"4","cerebral meninges","C70.0","tentorium, nos"
"4","spinal meninges","C70.1","spinal arachnoid"
"4","spinal meninges","C70.1","spinal dura mater"
"4","spinal meninges","C70.1","spinal pia mater"
"4","meninges, nos","C70.9","arachnoid, nos"
"4","meninges, nos","C70.9","dura mater, nos"
"4","meninges, nos","C70.9","dura, nos"
"4","meninges, nos","C70.9","pia mater, nos"
"4","cerebrum","C71.0","basal ganglia"
"4","cerebrum","C71.0","central white matter"
"4","cerebrum","C71.0","cerebral cortex"
"4","cerebrum","C71.0","cerebral hemisphere"
"4","cerebrum","C71.0","cerebral white matter"
"4","cerebrum","C71.0","corpus striatum"
"4","cerebrum","C71.0","globus pallidus"
"4","cerebrum","C71.0","hypothalamus"
"4","cerebrum","C71.0","insula"
"4","cerebrum","C71.0","internal capsule"
"4","cerebrum","C71.0","island of reil"
"4","cerebrum","C71.0","operculum"
"4","cerebrum","C71.0","pallium"
"4","cerebrum","C71.0","putamen"
"4","cerebrum","C71.0","rhinencephalon"
"4","cerebrum","C71.0","supratentorial brain, nos"
"4","cerebrum","C71.0","thalamus"
"4","frontal lobe","C71.1","frontal pole"
"4","temporal lobe","C71.2","hippocampus"
"4","temporal lobe","C71.2","uncus"
"4","occipital lobe","C71.4","occipital pole"
"4","ventricle, nos","C71.5","cerebral ventricle"
"4","ventricle, nos","C71.5","choroid plexus of lateral ventricle"
"4","ventricle, nos","C71.5","choroid plexus of third ventricle"
"4","ventricle, nos","C71.5","choroid plexus, nos"
"4","ventricle, nos","C71.5","ependyma"
"4","ventricle, nos","C71.5","lateral ventricle, nos"
"4","ventricle, nos","C71.5","third ventricle, nos"
"4","cerebellum, nos","C71.6","cerebellopontine angle"
"4","cerebellum, nos","C71.6","vermis of cerebellum"
"4","brain stem","C71.7","basis pedunculi"
"4","brain stem","C71.7","cerebral peduncle"
"4","brain stem","C71.7","choroid plexus of fourth ventricle"
"4","brain stem","C71.7","fourth ventricle, nos"
"4","brain stem","C71.7","infratentorial brain, nos"
"4","brain stem","C71.7","medulla oblongata"
"4","brain stem","C71.7","midbrain"
"4","brain stem","C71.7","olive"
"4","brain stem","C71.7","pons"
"4","brain stem","C71.7","pyramid"
"4","overlapping lesion of brain","C71.8","corpus callosum"
"4","overlapping lesion of brain","C71.8","tapetum"
"4","brain, nos","C71.9","anterior cranial fossa"
"4","brain, nos","C71.9","cranial fossa, nos"
"4","brain, nos","C71.9","intracranial site"
"4","brain, nos","C71.9","middle cranial fossa"
"4","brain, nos","C71.9","posterior cranial fossa"
"4","brain, nos","C71.9","suprasellar"
"4","spinal cord","C72.0","cervical cord"
"4","spinal cord","C72.0","conus medullaris"
"4","spinal cord","C72.0","filum terminale"
"4","spinal cord","C72.0","lumbar cord"
"4","spinal cord","C72.0","sacral cord"
"4","spinal cord","C72.0","thoracic cord"
"4","optic nerve","C72.3","optic chiasm"
"4","optic nerve","C72.3","optic tract"
"4","cranial nerve, nos","C72.5","abducens nerve"
"4","cranial nerve, nos","C72.5","accessory nerve, nos"
"4","cranial nerve, nos","C72.5","facial nerve"
"4","cranial nerve, nos","C72.5","glossopharyngeal nerve"
"4","cranial nerve, nos","C72.5","hypoglossal nerve"
"4","cranial nerve, nos","C72.5","oculomotor nerve"
"4","cranial nerve, nos","C72.5","spinal accessory nerve"
"4","cranial nerve, nos","C72.5","trigeminal nerve"
"4","cranial nerve, nos","C72.5","trochlear nerve"
"4","cranial nerve, nos","C72.5","vagus nerve"
"4","nervous system, nos","C72.9","central nervous system"
"4","nervous system, nos","C72.9","epidural"
"4","nervous system, nos","C72.9","extradural"
"4","nervous system, nos","C72.9","parasellar"
"4","thyroid gland","C73.9","thyroglossal duct"
"4","thyroid gland","C73.9","thyroid, nos"
"4","adrenal gland, nos","C74.9","adrenal, nos"
"4","adrenal gland, nos","C74.9","suprarenal gland"
"4","pituitary gland","C75.1","hypophysis"
"4","pituitary gland","C75.1","pituitary fossa"
"4","pituitary gland","C75.1","pituitary, nos"
"4","pituitary gland","C75.1","rathke pouch"
"4","pituitary gland","C75.1","sella turcica"
"4","aortic body and other paraganglia","C75.5","coccygeal body"
"4","aortic body and other paraganglia","C75.5","coccygeal glomus"
"4","aortic body and other paraganglia","C75.5","glomus jugulare"
"4","aortic body and other paraganglia","C75.5","organ of zuckerkandl"
"4","aortic body and other paraganglia","C75.5","para-aortic body"
"4","aortic body and other paraganglia","C75.5","paraganglion"
"4","overlapping lesion of endocrine glands and related structures","C75.8","multiple endocrine glands"
"4","overlapping lesion of endocrine glands and related structures","C75.8","pluriglandular"
"4","head, face or neck, nos","C76.0","cervical region, nos"
"4","head, face or neck, nos","C76.0","cheek, nos"
"4","head, face or neck, nos","C76.0","jaw, nos"
"4","head, face or neck, nos","C76.0","nose, nos"
"4","head, face or neck, nos","C76.0","supraclavicular region, nos"
"4","thorax, nos","C76.1","axilla, nos"
"4","thorax, nos","C76.1","chest wall, nos"
"4","thorax, nos","C76.1","chest, nos"
"4","thorax, nos","C76.1","infraclavicular region, nos"
"4","thorax, nos","C76.1","intrathoracic site, nos"
"4","thorax, nos","C76.1","scapular region, nos"
"4","thorax, nos","C76.1","thoracic wall, nos"
"4","abdomen, nos","C76.2","abdominal wall, nos"
"4","abdomen, nos","C76.2","intra-abdominal site, nos"
"4","pelvis, nos","C76.3","buttock, nos"
"4","pelvis, nos","C76.3","gluteal region, nos"
"4","pelvis, nos","C76.3","groin, nos"
"4","pelvis, nos","C76.3","inguinal region, nos"
"4","pelvis, nos","C76.3","ischiorectal fossa"
"4","pelvis, nos","C76.3","pelvic wall, nos"
"4","pelvis, nos","C76.3","perineum, nos"
"4","pelvis, nos","C76.3","perirectal region, nos"
"4","pelvis, nos","C76.3","presacral region, nos"
"4","pelvis, nos","C76.3","rectovaginal septum"
"4","pelvis, nos","C76.3","rectovesical septum"
"4","pelvis, nos","C76.3","sacrococcygeal region, nos"
"4","upper limb, nos","C76.4","antecubital space, nos"
"4","upper limb, nos","C76.4","arm, nos"
"4","upper limb, nos","C76.4","elbow, nos"
"4","upper limb, nos","C76.4","finger, nos"
"4","upper limb, nos","C76.4","forearm, nos"
"4","upper limb, nos","C76.4","hand, nos"
"4","upper limb, nos","C76.4","shoulder, nos"
"4","upper limb, nos","C76.4","thumb, nos"
"4","upper limb, nos","C76.4","wrist, nos"
"4","lower limb, nos","C76.5","ankle, nos"
"4","lower limb, nos","C76.5","calf, nos"
"4","lower limb, nos","C76.5","foot, nos"
"4","lower limb, nos","C76.5","heel, nos"
"4","lower limb, nos","C76.5","hip, nos"
"4","lower limb, nos","C76.5","knee, nos"
"4","lower limb, nos","C76.5","leg, nos"
"4","lower limb, nos","C76.5","popliteal space, nos"
"4","lower limb, nos","C76.5","thigh, nos"
"4","lower limb, nos","C76.5","toe, nos"
"4","other ill-defined sites","C76.7","back, nos"
"4","other ill-defined sites","C76.7","flank, nos"
"4","other ill-defined sites","C76.7","trunk, nos"
"4","lymph nodes of head, face and neck","C77.0","auricular lymph node"
"4","lymph nodes of head, face and neck","C77.0","cervical lymph node"
"4","lymph nodes of head, face and neck","C77.0","facial lymph node"
"4","lymph nodes of head, face and neck","C77.0","jugular lymph node"
"4","lymph nodes of head, face and neck","C77.0","mandibular lymph node"
"4","lymph nodes of head, face and neck","C77.0","occipital lymph node"
"4","lymph nodes of head, face and neck","C77.0","parotid lymph node"
"4","lymph nodes of head, face and neck","C77.0","preauricular lymph node"
"4","lymph nodes of head, face and neck","C77.0","prelaryngeal lymph node"
"4","lymph nodes of head, face and neck","C77.0","pretracheal lymph node"
"4","lymph nodes of head, face and neck","C77.0","retropharyngeal lymph node"
"4","lymph nodes of head, face and neck","C77.0","scalene lymph node"
"4","lymph nodes of head, face and neck","C77.0","sublingual lymph node"
"4","lymph nodes of head, face and neck","C77.0","submandibular lymph node"
"4","lymph nodes of head, face and neck","C77.0","submaxillary lymph node"
"4","lymph nodes of head, face and neck","C77.0","submental lymph node"
"4","lymph nodes of head, face and neck","C77.0","supraclavicular lymph node"
"4","intrathoracic lymph nodes","C77.1","bronchial lymph node"
"4","intrathoracic lymph nodes","C77.1","bronchopulmonary lymph node"
"4","intrathoracic lymph nodes","C77.1","diaphragmatic lymph node"
"4","intrathoracic lymph nodes","C77.1","esophageal lymph node"
"4","intrathoracic lymph nodes","C77.1","hilar lymph node, nos"
"4","intrathoracic lymph nodes","C77.1","innominate lymph node"
"4","intrathoracic lymph nodes","C77.1","intercostal lymph node"
"4","intrathoracic lymph nodes","C77.1","mediastinal lymph node"
"4","intrathoracic lymph nodes","C77.1","parasternal lymph node"
"4","intrathoracic lymph nodes","C77.1","pulmonary hilar lymph node"
"4","intrathoracic lymph nodes","C77.1","pulmonary lymph node, nos"
"4","intrathoracic lymph nodes","C77.1","thoracic lymph node"
"4","intrathoracic lymph nodes","C77.1","tracheal lymph node"
"4","intrathoracic lymph nodes","C77.1","tracheobronchial lymph node"
"4","intra-abdominal lymph nodes","C77.2","abdominal lymph node"
"4","intra-abdominal lymph nodes","C77.2","aortic lymph node"
"4","intra-abdominal lymph nodes","C77.2","celiac lymph node"
"4","intra-abdominal lymph nodes","C77.2","colic lymph node"
"4","intra-abdominal lymph nodes","C77.2","common duct lymph node"
"4","intra-abdominal lymph nodes","C77.2","gastric lymph node"
"4","intra-abdominal lymph nodes","C77.2","hepatic lymph node"
"4","intra-abdominal lymph nodes","C77.2","ileocolic lymph node"
"4","intra-abdominal lymph nodes","C77.2","inferior mesenteric lymph node"
"4","intra-abdominal lymph nodes","C77.2","intestinal lymph node"
"4","intra-abdominal lymph nodes","C77.2","lumbar lymph node"
"4","intra-abdominal lymph nodes","C77.2","mesenteric lymph node, nos"
"4","intra-abdominal lymph nodes","C77.2","midcolic lymph node"
"4","intra-abdominal lymph nodes","C77.2","pancreatic lymph node, nos"
"4","intra-abdominal lymph nodes","C77.2","para-aortic lymph node"
"4","intra-abdominal lymph nodes","C77.2","periaortic lymph node"
"4","intra-abdominal lymph nodes","C77.2","peripancreatic lymph node"
"4","intra-abdominal lymph nodes","C77.2","porta hepatis lymph node"
"4","intra-abdominal lymph nodes","C77.2","portal lymph node"
"4","intra-abdominal lymph nodes","C77.2","pyloric lymph node"
"4","intra-abdominal lymph nodes","C77.2","retroperitoneal lymph node"
"4","intra-abdominal lymph nodes","C77.2","splenic hilar lymph node"
"4","intra-abdominal lymph nodes","C77.2","splenic lymph node, nos"
"4","intra-abdominal lymph nodes","C77.2","superior mesenteric lymph node"
"4","lymph nodes of axilla or arm","C77.3","axillary lymph node"
"4","lymph nodes of axilla or arm","C77.3","brachial lymph node"
"4","lymph nodes of axilla or arm","C77.3","cubital lymph node"
"4","lymph nodes of axilla or arm","C77.3","epitrochlear lymph node"
"4","lymph nodes of axilla or arm","C77.3","infraclavicular lymph node"
"4","lymph nodes of axilla or arm","C77.3","lymph node of upper limb"
"4","lymph nodes of axilla or arm","C77.3","pectoral lymph node"
"4","lymph nodes of axilla or arm","C77.3","subclavicular lymph node"
"4","lymph nodes of axilla or arm","C77.3","subscapular lymph node"
"4","lymph nodes of inguinal region or leg","C77.4","femoral lymph node"
"4","lymph nodes of inguinal region or leg","C77.4","inguinal lymph node"
"4","lymph nodes of inguinal region or leg","C77.4","lymph node of cloquet"
"4","lymph nodes of inguinal region or leg","C77.4","lymph node of groin"
"4","lymph nodes of inguinal region or leg","C77.4","lymph node of lower limb"
"4","lymph nodes of inguinal region or leg","C77.4","lymph node of rosenmuller"
"4","lymph nodes of inguinal region or leg","C77.4","popliteal lymph node"
"4","lymph nodes of inguinal region or leg","C77.4","subinguinal lymph node"
"4","lymph nodes of inguinal region or leg","C77.4","tibial lymph node"
"4","pelvic lymph nodes","C77.5","hypogastric lymph node"
"4","pelvic lymph nodes","C77.5","iliac lymph node"
"4","pelvic lymph nodes","C77.5","inferior epigastric lymph node"
"4","pelvic lymph nodes","C77.5","intrapelvic lymph node"
"4","pelvic lymph nodes","C77.5","obturator lymph node"
"4","pelvic lymph nodes","C77.5","paracervical lymph node"
"4","pelvic lymph nodes","C77.5","parametrial lymph node"
"4","pelvic lymph nodes","C77.5","presymphysial lymph node"
"4","pelvic lymph nodes","C77.5","sacral lymph node"